<?xml version="1.0"?>
<!--
 * Licensed to the Apache Software Foundation (ASF) under one
 * or more contributor license agreements.  See the NOTICE file
 * distributed with this work for additional information
 * regarding copyright ownership.  The ASF licenses this file
 * to you under the Apache License, Version 2.0 (the
 * "License"); you may not use this file except in compliance
 * with the License.  You may obtain a copy of the License at
 *
 *   http://www.apache.org/licenses/LICENSE-2.0
 *
 * Unless required by applicable law or agreed to in writing,
 * software distributed under the License is distributed on an
 * "AS IS" BASIS, WITHOUT WARRANTIES OR CONDITIONS OF ANY
 * KIND, either express or implied.  See the License for the
 * specific language governing permissions and limitations
 * under the License.
-->
<component>
    <component-class>org.apache.myfaces.custom.tree.HtmlTreeColumn</component-class>
    <base-class>javax.faces.component.UIComponentBase</base-class>
    <component-type>org.apache.myfaces.HtmlTreeColumn</component-type>
    <component-family>org.apache.myfaces.HtmlTreeColumn</component-family>
    <field proprietary="true" generateProperty="false" saveState="false">
        <name>footer</name>
        <type>javax.faces.component.UIComponent</type>
    </field>
    <field proprietary="true" generateProperty="false" saveState="false">
        <name>header</name>
        <type>javax.faces.component.UIComponent</type>
    </field>
</component>
