<?xml version="1.0" encoding="ISO-8859-1" ?>
<!DOCTYPE component PUBLIC
  "-//MyFaces//DTD MyFaces component def 1.0//EN"
  "http://myfaces.apache.org/dtd/Component.dtd">
<component generateStateMethods="true" generateUserRoleMethods="true" >
    <component-class>org.apache.myfaces.component.html.ext.HtmlInputSecret</component-class>
    <base-class>javax.faces.component.html.HtmlInputSecret</base-class>
    <component-type>org.apache.myfaces.HtmlInputSecret</component-type>
    <field>
        <name>enabledOnUserRole</name>
        <type>java.lang.String</type>
    </field>
    <field>
        <name>visibleOnUserRole</name>
        <type>java.lang.String</type>
    </field>
    <field>
        <name>displayValueOnly</name>
        <type>boolean</type>
        <default-value>false</default-value>
    </field>
	<field>
        <name>displayValueOnlyStyle</name>
        <type>java.lang.String</type>
    </field>
	<field>
        <name>displayValueOnlyStyleClass</name>
        <type>java.lang.String</type>
    </field>
</component>
