<?xml version="1.0" encoding="ISO-8859-1" ?>
<!DOCTYPE component PUBLIC
  "-//MyFaces//DTD MyFaces component def 1.0//EN"
  "http://myfaces.apache.org/dtd/Component.dtd">
<component generateUserRoleMethods="true" >
    <component-class>org.apache.myfaces.custom.calendar.HtmlInputCalendar</component-class>
    <base-class>javax.faces.component.UIInput</base-class>
    <component-type>org.apache.myfaces.HtmlInputCalendar</component-type>
    <component-family>javax.faces.Input</component-family>
    <renderer-type>org.apache.myfaces.Calendar</renderer-type>
    <field>
        <name>monthYearRowClass</name>
        <type>java.lang.String</type>
    </field>
    <field>
        <name>weekRowClass</name>
        <type>java.lang.String</type>
    </field>
    <field>
        <name>dayCellClass</name>
        <type>java.lang.String</type>
    </field>
    <field>
        <name>currentDayCellClass</name>
        <type>java.lang.String</type>
    </field>
    <field>
        <name>renderAsPopup</name>
        <type>boolean</type>
    </field>
    <field>
        <name>addResources</name>
        <type>boolean</type>
        <default>true</default>
    </field>
    <field>
        <name>popupButtonString</name>
        <type>java.lang.String</type>
    </field>
    <field>
        <name>popupButtonStyle</name>
        <type>java.lang.String</type>
    </field>
    <field>
        <name>popupButtonStyleClass</name>
        <type>java.lang.String</type>
    </field>
    <field>
        <name>renderPopupButtonAsImage</name>
        <type>boolean</type>
    </field>
    <field>
        <name>popupDateFormat</name>
        <type>java.lang.String</type>
    </field>
    <field>
        <name>enabledOnUserRole</name>
        <type>java.lang.String</type>
    </field>
    <field>
        <name>visibleOnUserRole</name>
        <type>java.lang.String</type>
    </field>
    <field>
        <name>popupGotoString</name>
        <type>java.lang.String</type>
    </field>
    <field>
        <name>popupTodayString</name>
        <type>java.lang.String</type>
    </field>
    <field>
        <name>popupWeekString</name>
        <type>java.lang.String</type>
    </field>
    <field>
        <name>popupScrollLeftMessage</name>
        <type>java.lang.String</type>
    </field>
    <field>
        <name>popupScrollRightMessage</name>
        <type>java.lang.String</type>
    </field>
    <field>
        <name>popupSelectMonthMessage</name>
        <type>java.lang.String</type>
    </field>
    <field>
        <name>popupSelectYearMessage</name>
        <type>java.lang.String</type>
    </field>
    <field>
        <name>popupSelectDateMessage</name>
        <type>java.lang.String</type>
    </field>
    <field>
        <name>popupButtonImageUrl</name>
        <type>java.lang.String</type>
    </field>
    <field>
        <name>popupTheme</name>
        <type>java.lang.String</type>
    </field>
    <field>
        <name>helpText</name>
        <type>java.lang.String</type>
    </field>
</component>
