<!--
  ~ Licensed to the Apache Software Foundation (ASF) under one
  ~ or more contributor license agreements. See the NOTICE file
  ~ distributed with this work for additional information
  ~ regarding copyright ownership. The ASF licenses this file
  ~ to you under the Apache License, Version 2.0 (the
  ~ "License"); you may not use this file except in compliance
  ~ with the License. You may obtain a copy of the License at
  ~
  ~ http://www.apache.org/licenses/LICENSE-2.0
  ~
  ~ Unless required by applicable law or agreed to in writing,
  ~ software distributed under the License is distributed on an
  ~ "AS IS" BASIS, WITHOUT WARRANTIES OR CONDITIONS OF ANY
  ~ KIND, either express or implied. See the License for the
  ~ specific language governing permissions and limitations
  ~ under the License.
  -->

<E:Envelope xmlns:E="http://schemas.xmlsoap.org/soap/envelope/" xmlns:y="http://www.w3.org/2001/XMLSchema" xmlns:A="http://schemas.xmlsoap.org/soap/encoding/" xmlns:s="http://www.w3.org/2001/XMLSchema-instance" E:encodingStyle="http://schemas.xmlsoap.org/soap/encoding/">
<E:Body>
<m:echoFloatArrayResponse xmlns:m="http://soapinterop.org/">
<return xmlns="" A:arrayType="y:float[3]" s:type="A:Array">
<item xmlns="">45.7687607</item>
<item xmlns="">43.4539986</item>
<item xmlns="">2523.54199</item>
</return>
</m:echoFloatArrayResponse>
</E:Body>
</E:Envelope>