<!--
  ~ Licensed to the Apache Software Foundation (ASF) under one
  ~ or more contributor license agreements. See the NOTICE file
  ~ distributed with this work for additional information
  ~ regarding copyright ownership. The ASF licenses this file
  ~ to you under the Apache License, Version 2.0 (the
  ~ "License"); you may not use this file except in compliance
  ~ with the License. You may obtain a copy of the License at
  ~
  ~ http://www.apache.org/licenses/LICENSE-2.0
  ~
  ~ Unless required by applicable law or agreed to in writing,
  ~ software distributed under the License is distributed on an
  ~ "AS IS" BASIS, WITHOUT WARRANTIES OR CONDITIONS OF ANY
  ~ KIND, either express or implied. See the License for the
  ~ specific language governing permissions and limitations
  ~ under the License.
  -->

<E:Envelope xmlns:E="http://schemas.xmlsoap.org/soap/envelope/" xmlns:y="http://www.w3.org/2001/XMLSchema" xmlns:A="http://schemas.xmlsoap.org/soap/encoding/" xmlns:s="http://www.w3.org/2001/XMLSchema-instance" E:encodingStyle="http://schemas.xmlsoap.org/soap/encoding/">
<E:Body>
<m:echoNestedStructResponse xmlns:m="http://soapinterop.org/">
<return xmlns="" xmlns:ns1="http://soapinterop.org/xsd" s:type="ns1:SOAPStructStruct">
<varString xmlns="" s:type="y:string">strss fdfing1</varString>
<varInt xmlns="" s:type="y:int">25</varInt>
<varFloat xmlns="" s:type="y:float">25.2299995</varFloat>
<varStruct xmlns="" s:type="ns1:SOAPStruct">
<varString xmlns="" s:type="y:string">strss fdfing1</varString>
<varInt xmlns="" s:type="y:int">25</varInt>
<varFloat xmlns="" s:type="y:float">25.2299995</varFloat>
</varStruct>
</return>
</m:echoNestedStructResponse>
</E:Body>
</E:Envelope>
