<!--
  ~ Licensed to the Apache Software Foundation (ASF) under one
  ~ or more contributor license agreements. See the NOTICE file
  ~ distributed with this work for additional information
  ~ regarding copyright ownership. The ASF licenses this file
  ~ to you under the Apache License, Version 2.0 (the
  ~ "License"); you may not use this file except in compliance
  ~ with the License. You may obtain a copy of the License at
  ~
  ~ http://www.apache.org/licenses/LICENSE-2.0
  ~
  ~ Unless required by applicable law or agreed to in writing,
  ~ software distributed under the License is distributed on an
  ~ "AS IS" BASIS, WITHOUT WARRANTIES OR CONDITIONS OF ANY
  ~ KIND, either express or implied. See the License for the
  ~ specific language governing permissions and limitations
  ~ under the License.
  -->

<E:Envelope xmlns:E="http://schemas.xmlsoap.org/soap/envelope/" xmlns:y="http://www.w3.org/2001/XMLSchema" xmlns:A="http://schemas.xmlsoap.org/soap/encoding/" xmlns:s="http://www.w3.org/2001/XMLSchema-instance" E:encodingStyle="http://schemas.xmlsoap.org/soap/encoding/">
<E:Header>
<ns1:echoMeStringResponse xmlns:ns1="http://soapinterop.org/echoheader/" s:type="y:string">string</ns1:echoMeStringResponse>
<ns2:echoMeStructResponse xmlns:ns2="http://soapinterop.org/echoheader/" xmlns:ns3="http://soapinterop.org/xsd" s:type="ns3:SOAPStruct">
<varString xmlns="" s:type="y:string">string</varString>
<varInt xmlns="" s:type="y:int">852</varInt>
<varFloat xmlns="" s:type="y:float">456.321014</varFloat>
</ns2:echoMeStructResponse>
</E:Header>
<E:Body>
<m:echoBooleanResponse xmlns:m="http://soapinterop.org/">
<return xmlns="" s:type="y:boolean">true</return>
</m:echoBooleanResponse>
</E:Body>
</E:Envelope>
