<!--
  ~ Licensed to the Apache Software Foundation (ASF) under one
  ~ or more contributor license agreements. See the NOTICE file
  ~ distributed with this work for additional information
  ~ regarding copyright ownership. The ASF licenses this file
  ~ to you under the Apache License, Version 2.0 (the
  ~ "License"); you may not use this file except in compliance
  ~ with the License. You may obtain a copy of the License at
  ~
  ~ http://www.apache.org/licenses/LICENSE-2.0
  ~
  ~ Unless required by applicable law or agreed to in writing,
  ~ software distributed under the License is distributed on an
  ~ "AS IS" BASIS, WITHOUT WARRANTIES OR CONDITIONS OF ANY
  ~ KIND, either express or implied. See the License for the
  ~ specific language governing permissions and limitations
  ~ under the License.
  -->

<env:Envelope xmlns:env="http://schemas.xmlsoap.org/soap/envelope/" xmlns:ns0="http://soapinterop.org/" xmlns:xsi="http://www.w3.org/2001/XMLSchema-instance" xmlns:ns1="http://soapinterop.org/xsd" xmlns:enc="http://schemas.xmlsoap.org/soap/encoding/" xmlns:xsd="http://www.w3.org/2001/XMLSchema"><env:Body><ns0:echoStructArrayResponse xmlns:ns0="http://soapinterop.org/" env:encodingStyle="http://schemas.xmlsoap.org/soap/encoding/"><return xmlns="" href="#ID1" /></ns0:echoStructArrayResponse><ns1:ArrayOfSOAPStruct xmlns:ns1="http://soapinterop.org/xsd" env:encodingStyle="http://schemas.xmlsoap.org/soap/encoding/" enc:arrayType="ns1:SOAPStruct[3]" xsi:type="enc:Array" id="ID1"><item xmlns="" href="#ID2" /><item xmlns="" href="#ID3" /><item xmlns="" href="#ID4" /></ns1:ArrayOfSOAPStruct><ns1:SOAPStruct xmlns:ns1="http://soapinterop.org/xsd" env:encodingStyle="http://schemas.xmlsoap.org/soap/encoding/" xsi:type="ns1:SOAPStruct" id="ID2"><varString xmlns="" xsi:type="xsd:string">strss fdfing1</varString><varInt xmlns="" xsi:type="xsd:int">25</varInt><varFloat xmlns="" xsi:type="xsd:float">25.23</varFloat></ns1:SOAPStruct><ns1:SOAPStruct xmlns:ns1="http://soapinterop.org/xsd" env:encodingStyle="http://schemas.xmlsoap.org/soap/encoding/" xsi:type="ns1:SOAPStruct" id="ID3"><varString xmlns="" xsi:type="xsd:string">strss fdfing1</varString><varInt xmlns="" xsi:type="xsd:int">25</varInt><varFloat xmlns="" xsi:type="xsd:float">25.23</varFloat></ns1:SOAPStruct><ns1:SOAPStruct xmlns:ns1="http://soapinterop.org/xsd" env:encodingStyle="http://schemas.xmlsoap.org/soap/encoding/" xsi:type="ns1:SOAPStruct" id="ID4"><varString xmlns="" xsi:type="xsd:string">strss fdfing1</varString><varInt xmlns="" xsi:type="xsd:int">25</varInt><varFloat xmlns="" xsi:type="xsd:float">25.23</varFloat></ns1:SOAPStruct></env:Body></env:Envelope>
