<!--
  ~ Licensed to the Apache Software Foundation (ASF) under one
  ~ or more contributor license agreements. See the NOTICE file
  ~ distributed with this work for additional information
  ~ regarding copyright ownership. The ASF licenses this file
  ~ to you under the Apache License, Version 2.0 (the
  ~ "License"); you may not use this file except in compliance
  ~ with the License. You may obtain a copy of the License at
  ~
  ~ http://www.apache.org/licenses/LICENSE-2.0
  ~
  ~ Unless required by applicable law or agreed to in writing,
  ~ software distributed under the License is distributed on an
  ~ "AS IS" BASIS, WITHOUT WARRANTIES OR CONDITIONS OF ANY
  ~ KIND, either express or implied. See the License for the
  ~ specific language governing permissions and limitations
  ~ under the License.
  -->

<SOAP-ENV:Envelope xmlns:SOAP-ENV="http://schemas.xmlsoap.org/soap/envelope/" xmlns:SOAP-ENC="http://schemas.xmlsoap.org/soap/encoding/" xmlns:xsi="http://www.w3.org/2001/XMLSchema-instance" xmlns:a="http://xml.apache.org/xml-soap" xmlns:xsd="http://www.w3.org/2001/XMLSchema" xmlns:ns="http://soapinterop.org/" xmlns:s="http://soapinterop.org/xsd"><SOAP-ENV:Header /><SOAP-ENV:Body SOAP-ENV:encodingStyle="http://schemas.xmlsoap.org/soap/encoding/" id="_0"><ns:echoFloatArrayResponse xmlns:ns="http://soapinterop.org/"><return xmlns="" SOAP-ENC:arrayType="xsd:float[3]" SOAP-ENC:offset="[0]" xsi:type="SOAP-ENC:Array"><item xmlns="" xsi:type="xsd:float">45.7687607</item><item xmlns="" xsi:type="xsd:float">43.4539986</item><item xmlns="" xsi:type="xsd:float">2523.54199</item></return></ns:echoFloatArrayResponse></SOAP-ENV:Body></SOAP-ENV:Envelope>