<!--
  ~ Licensed to the Apache Software Foundation (ASF) under one
  ~ or more contributor license agreements. See the NOTICE file
  ~ distributed with this work for additional information
  ~ regarding copyright ownership. The ASF licenses this file
  ~ to you under the Apache License, Version 2.0 (the
  ~ "License"); you may not use this file except in compliance
  ~ with the License. You may obtain a copy of the License at
  ~
  ~ http://www.apache.org/licenses/LICENSE-2.0
  ~
  ~ Unless required by applicable law or agreed to in writing,
  ~ software distributed under the License is distributed on an
  ~ "AS IS" BASIS, WITHOUT WARRANTIES OR CONDITIONS OF ANY
  ~ KIND, either express or implied. See the License for the
  ~ specific language governing permissions and limitations
  ~ under the License.
  -->

<SOAP-ENV:Envelope xmlns:SOAP-ENV="http://schemas.xmlsoap.org/soap/envelope/" xmlns:SOAP-ENC="http://schemas.xmlsoap.org/soap/encoding/" xmlns:xsi="http://www.w3.org/2001/XMLSchema-instance" xmlns:xsd="http://www.w3.org/2001/XMLSchema" xmlns:s="http://soapinterop.org/xsd" xmlns:h="http://soapinterop.org/echoheader/" xmlns:m="http://soapinterop.org/">
      <SOAP-ENV:Header>
         <echoMeStringResponse xmlns="http://soapinterop.org/echoheader/">string</echoMeStringResponse>
         <echoMeStructRequest xmlns="http://soapinterop.org/echoheader/" xsi:type="s:SOAPStruct">
            <varString xsi:type="xsd:string">string</varString>
            <varInt xsi:type="xsd:int">150</varInt>
            <varFloat xsi:type="xsd:float">456.321014</varFloat>
         </echoMeStructRequest>
      </SOAP-ENV:Header>
      <SOAP-ENV:Body SOAP-ENV:encodingStyle="http://schemas.xmlsoap.org/soap/encoding/" id="_0">
         <m:echoVoidResponse></m:echoVoidResponse>
      </SOAP-ENV:Body>
   </SOAP-ENV:Envelope>
