<!--
  ~ Licensed to the Apache Software Foundation (ASF) under one
  ~ or more contributor license agreements. See the NOTICE file
  ~ distributed with this work for additional information
  ~ regarding copyright ownership. The ASF licenses this file
  ~ to you under the Apache License, Version 2.0 (the
  ~ "License"); you may not use this file except in compliance
  ~ with the License. You may obtain a copy of the License at
  ~
  ~ http://www.apache.org/licenses/LICENSE-2.0
  ~
  ~ Unless required by applicable law or agreed to in writing,
  ~ software distributed under the License is distributed on an
  ~ "AS IS" BASIS, WITHOUT WARRANTIES OR CONDITIONS OF ANY
  ~ KIND, either express or implied. See the License for the
  ~ specific language governing permissions and limitations
  ~ under the License.
  -->

<soap:Envelope xmlns:soap="http://schemas.xmlsoap.org/soap/envelope/" xmlns:tns="http://soapinterop.org/" xmlns:types="http://soapinterop.org/" xmlns:xsi="http://www.w3.org/2001/XMLSchema-instance" xmlns:soapenc="http://schemas.xmlsoap.org/soap/encoding/" xmlns:xsd="http://www.w3.org/2001/XMLSchema"><soap:Body soap:encodingStyle="http://schemas.xmlsoap.org/soap/encoding/"><types:echoSimpleTypesAsStructResponse xmlns:types="http://soapinterop.org/"><return xmlns="" href="#id1" /></types:echoSimpleTypesAsStructResponse><q1:SOAPStruct xmlns:q1="http://soapinterop.org/xsd" xsi:type="q1:SOAPStruct" id="id1"><varString xmlns="" xsi:type="xsd:string">45ascasc  acasa asd52</varString><varInt xmlns="" xsi:type="xsd:int">4552</varInt><varFloat xmlns="" xsi:type="xsd:float">450.52</varFloat></q1:SOAPStruct></soap:Body></soap:Envelope>