<!--
  ~ Licensed to the Apache Software Foundation (ASF) under one
  ~ or more contributor license agreements. See the NOTICE file
  ~ distributed with this work for additional information
  ~ regarding copyright ownership. The ASF licenses this file
  ~ to you under the Apache License, Version 2.0 (the
  ~ "License"); you may not use this file except in compliance
  ~ with the License. You may obtain a copy of the License at
  ~
  ~ http://www.apache.org/licenses/LICENSE-2.0
  ~
  ~ Unless required by applicable law or agreed to in writing,
  ~ software distributed under the License is distributed on an
  ~ "AS IS" BASIS, WITHOUT WARRANTIES OR CONDITIONS OF ANY
  ~ KIND, either express or implied. See the License for the
  ~ specific language governing permissions and limitations
  ~ under the License.
  -->

<soap:Envelope xmlns:soap="http://schemas.xmlsoap.org/soap/envelope/" xmlns:tns="http://soapinterop.org/" xmlns:types="http://soapinterop.org/" xmlns:xsi="http://www.w3.org/2001/XMLSchema-instance" xmlns:soapenc="http://schemas.xmlsoap.org/soap/encoding/" xmlns:xsd="http://www.w3.org/2001/XMLSchema"><soap:Body soap:encodingStyle="http://schemas.xmlsoap.org/soap/encoding/"><types:echoStructArrayResponse xmlns:types="http://soapinterop.org/"><return xmlns="" href="#id1" /></types:echoStructArrayResponse><soapenc:Array xmlns:soapenc="http://schemas.xmlsoap.org/soap/encoding/" xmlns:q1="http://soapinterop.org/xsd" soapenc:arrayType="q1:SOAPStruct[3]" id="id1"><Item xmlns="" href="#id2" /><Item xmlns="" href="#id3" /><Item xmlns="" href="#id4" /></soapenc:Array><q2:SOAPStruct xmlns:q2="http://soapinterop.org/xsd" xsi:type="q2:SOAPStruct" id="id2"><varInt xmlns="" xsi:type="xsd:int">25</varInt><varString xmlns="" xsi:type="xsd:string">strss fdfing1</varString><varFloat xmlns="" xsi:type="xsd:float">25.23</varFloat></q2:SOAPStruct><q3:SOAPStruct xmlns:q3="http://soapinterop.org/xsd" xsi:type="q3:SOAPStruct" id="id3"><varInt xmlns="" xsi:type="xsd:int">25</varInt><varString xmlns="" xsi:type="xsd:string">strss fdfing1</varString><varFloat xmlns="" xsi:type="xsd:float">25.23</varFloat></q3:SOAPStruct><q4:SOAPStruct xmlns:q4="http://soapinterop.org/xsd" xsi:type="q4:SOAPStruct" id="id4"><varInt xmlns="" xsi:type="xsd:int">25</varInt><varString xmlns="" xsi:type="xsd:string">strss fdfing1</varString><varFloat xmlns="" xsi:type="xsd:float">25.23</varFloat></q4:SOAPStruct></soap:Body></soap:Envelope>