<!--
  ~ Licensed to the Apache Software Foundation (ASF) under one
  ~ or more contributor license agreements. See the NOTICE file
  ~ distributed with this work for additional information
  ~ regarding copyright ownership. The ASF licenses this file
  ~ to you under the Apache License, Version 2.0 (the
  ~ "License"); you may not use this file except in compliance
  ~ with the License. You may obtain a copy of the License at
  ~
  ~ http://www.apache.org/licenses/LICENSE-2.0
  ~
  ~ Unless required by applicable law or agreed to in writing,
  ~ software distributed under the License is distributed on an
  ~ "AS IS" BASIS, WITHOUT WARRANTIES OR CONDITIONS OF ANY
  ~ KIND, either express or implied. See the License for the
  ~ specific language governing permissions and limitations
  ~ under the License.
  -->

<SOAP-ENV:Envelope xmlns:SOAP-ENV="http://schemas.xmlsoap.org/soap/envelope/" SOAP-ENV:encodingStyle="http://schemas.xmlsoap.org/soap/encoding/"><SOAP-ENV:Body><SOAPSDK1:echoStructAsSimpleTypesResponse xmlns:SOAPSDK1="http://soapinterop.org/"><outputString xmlns="" xmlns:SOAPSDK3="http://www.w3.org/2001/XMLSchema" xmlns:SOAPSDK2="http://www.w3.org/2001/XMLSchema-instance" SOAPSDK2:type="SOAPSDK3:string">strss fdfing1</outputString><outputInteger xmlns="" xmlns:SOAPSDK4="http://www.w3.org/2001/XMLSchema-instance" xmlns:SOAPSDK5="http://www.w3.org/2001/XMLSchema" SOAPSDK4:type="SOAPSDK5:int">25</outputInteger><outputFloat xmlns="" xmlns:SOAPSDK7="http://www.w3.org/2001/XMLSchema" xmlns:SOAPSDK6="http://www.w3.org/2001/XMLSchema-instance" SOAPSDK6:type="SOAPSDK7:float">25.2299995422363</outputFloat></SOAPSDK1:echoStructAsSimpleTypesResponse></SOAP-ENV:Body></SOAP-ENV:Envelope>