<!--
  ~ Licensed to the Apache Software Foundation (ASF) under one
  ~ or more contributor license agreements. See the NOTICE file
  ~ distributed with this work for additional information
  ~ regarding copyright ownership. The ASF licenses this file
  ~ to you under the Apache License, Version 2.0 (the
  ~ "License"); you may not use this file except in compliance
  ~ with the License. You may obtain a copy of the License at
  ~
  ~ http://www.apache.org/licenses/LICENSE-2.0
  ~
  ~ Unless required by applicable law or agreed to in writing,
  ~ software distributed under the License is distributed on an
  ~ "AS IS" BASIS, WITHOUT WARRANTIES OR CONDITIONS OF ANY
  ~ KIND, either express or implied. See the License for the
  ~ specific language governing permissions and limitations
  ~ under the License.
  -->

<SOAP-ENV:Envelope xmlns:SOAP-ENV="http://schemas.xmlsoap.org/soap/envelope/" SOAP-ENV:encodingStyle="http://schemas.xmlsoap.org/soap/encoding/"><SOAP-ENV:Body><SOAPSDK1:echoNestedArrayResponse xmlns:SOAPSDK1="http://soapinterop.org/"><return xmlns="" xmlns:si="http://soapinterop.org/xsd" xmlns:xsi="http://www.w3.org/2001/XMLSchema-instance" xmlns:xsd="http://www.w3.org/2001/XMLSchema" xsi:type="si:SOAPArrayStruct"><varString xmlns="" xsi:type="xsd:string">strss fdfing1</varString><varInt xmlns="" xsi:type="xsd:int">25</varInt><varFloat xmlns="" xsi:type="xsd:float">25.2299995422363</varFloat><varArray xmlns="" xmlns:SOAPSDK2="http://schemas.xmlsoap.org/soap/encoding/" SOAPSDK2:arrayType="xsd:string[3]" xsi:type="SOAPSDK2:Array"><SOAPSDK2:string xmlns:SOAPSDK2="http://schemas.xmlsoap.org/soap/encoding/">strss fdfing1</SOAPSDK2:string><SOAPSDK2:string xmlns:SOAPSDK2="http://schemas.xmlsoap.org/soap/encoding/">strss fdfing2</SOAPSDK2:string><SOAPSDK2:string xmlns:SOAPSDK2="http://schemas.xmlsoap.org/soap/encoding/">strss fdfing3</SOAPSDK2:string></varArray></return></SOAPSDK1:echoNestedArrayResponse></SOAP-ENV:Body></SOAP-ENV:Envelope>