<!--
  ~ Licensed to the Apache Software Foundation (ASF) under one
  ~ or more contributor license agreements. See the NOTICE file
  ~ distributed with this work for additional information
  ~ regarding copyright ownership. The ASF licenses this file
  ~ to you under the Apache License, Version 2.0 (the
  ~ "License"); you may not use this file except in compliance
  ~ with the License. You may obtain a copy of the License at
  ~
  ~ http://www.apache.org/licenses/LICENSE-2.0
  ~
  ~ Unless required by applicable law or agreed to in writing,
  ~ software distributed under the License is distributed on an
  ~ "AS IS" BASIS, WITHOUT WARRANTIES OR CONDITIONS OF ANY
  ~ KIND, either express or implied. See the License for the
  ~ specific language governing permissions and limitations
  ~ under the License.
  -->

<SOAP-ENV:Envelope xmlns:SOAP-ENV="http://schemas.xmlsoap.org/soap/envelope/" xmlns:SOAPSDK3="http://schemas.xmlsoap.org/soap/encoding/" xmlns:SOAPSDK2="http://www.w3.org/2001/XMLSchema-instance" xmlns:SOAPSDK1="http://www.w3.org/2001/XMLSchema"><SOAP-ENV:Body SOAP-ENV:encodingStyle="http://schemas.xmlsoap.org/soap/encoding/"><SOAPSDK4:echoFloatArrayResponse xmlns:SOAPSDK4="http://soapinterop.org/"><Result xmlns="" SOAPSDK3:offset="[0]" SOAPSDK3:arrayType="SOAPSDK1:float[3]" SOAPSDK2:type="SOAPSDK3:Array"><SOAPSDK3:float xmlns:SOAPSDK3="http://schemas.xmlsoap.org/soap/encoding/">45.7687606811523</SOAPSDK3:float><SOAPSDK3:float xmlns:SOAPSDK3="http://schemas.xmlsoap.org/soap/encoding/">43.4539985656738</SOAPSDK3:float><SOAPSDK3:float xmlns:SOAPSDK3="http://schemas.xmlsoap.org/soap/encoding/">2523.5419921875</SOAPSDK3:float></Result></SOAPSDK4:echoFloatArrayResponse></SOAP-ENV:Body></SOAP-ENV:Envelope>
