<!--
  ~ Licensed to the Apache Software Foundation (ASF) under one
  ~ or more contributor license agreements. See the NOTICE file
  ~ distributed with this work for additional information
  ~ regarding copyright ownership. The ASF licenses this file
  ~ to you under the Apache License, Version 2.0 (the
  ~ "License"); you may not use this file except in compliance
  ~ with the License. You may obtain a copy of the License at
  ~
  ~ http://www.apache.org/licenses/LICENSE-2.0
  ~
  ~ Unless required by applicable law or agreed to in writing,
  ~ software distributed under the License is distributed on an
  ~ "AS IS" BASIS, WITHOUT WARRANTIES OR CONDITIONS OF ANY
  ~ KIND, either express or implied. See the License for the
  ~ specific language governing permissions and limitations
  ~ under the License.
  -->

<SOAP-ENV:Envelope xmlns:SOAP-ENV="http://schemas.xmlsoap.org/soap/envelope/" xmlns:SOAPSDK3="http://schemas.xmlsoap.org/soap/encoding/" xmlns:SOAPSDK2="http://www.w3.org/2001/XMLSchema-instance" xmlns:SOAPSDK1="http://www.w3.org/2001/XMLSchema"><SOAP-ENV:Body SOAP-ENV:encodingStyle="http://schemas.xmlsoap.org/soap/encoding/"><SOAPSDK4:echoStructResponse xmlns:SOAPSDK4="http://soapinterop.org/"><Result xmlns="" href="#id1" /></SOAPSDK4:echoStructResponse><SOAPSDK5:SOAPStruct xmlns:SOAPSDK5="http://soapinterop.org/xsd" SOAPSDK3:root="0" SOAPSDK2:type="SOAPSDK5:SOAPStruct" id="id1"><varString xmlns="" SOAPSDK2:type="SOAPSDK1:string">strss fdfing1</varString><varInt xmlns="" SOAPSDK2:type="SOAPSDK1:int">25</varInt><varFloat xmlns="" SOAPSDK2:type="SOAPSDK1:float">25.2299995422363</varFloat></SOAPSDK5:SOAPStruct></SOAP-ENV:Body></SOAP-ENV:Envelope>
