<!--
  ~ Licensed to the Apache Software Foundation (ASF) under one
  ~ or more contributor license agreements. See the NOTICE file
  ~ distributed with this work for additional information
  ~ regarding copyright ownership. The ASF licenses this file
  ~ to you under the Apache License, Version 2.0 (the
  ~ "License"); you may not use this file except in compliance
  ~ with the License. You may obtain a copy of the License at
  ~
  ~ http://www.apache.org/licenses/LICENSE-2.0
  ~
  ~ Unless required by applicable law or agreed to in writing,
  ~ software distributed under the License is distributed on an
  ~ "AS IS" BASIS, WITHOUT WARRANTIES OR CONDITIONS OF ANY
  ~ KIND, either express or implied. See the License for the
  ~ specific language governing permissions and limitations
  ~ under the License.
  -->

<SOAP-ENV:Envelope xmlns:SOAP-ENV="http://schemas.xmlsoap.org/soap/envelope/" xmlns:SOAPSDK3="http://schemas.xmlsoap.org/soap/encoding/" xmlns:SOAPSDK2="http://www.w3.org/2001/XMLSchema-instance" xmlns:SOAPSDK1="http://www.w3.org/2001/XMLSchema"><SOAP-ENV:Body SOAP-ENV:encodingStyle="http://schemas.xmlsoap.org/soap/encoding/"><SOAPSDK4:echo2DStringArrayResponse xmlns:SOAPSDK4="http://soapinterop.org/"><return xmlns="" SOAPSDK3:offset="[0,0]" SOAPSDK3:arrayType="SOAPSDK1:string[2,2]" SOAPSDK2:type="SOAPSDK3:Array"><SOAPSDK3:string xmlns:SOAPSDK3="http://schemas.xmlsoap.org/soap/encoding/">strss fdfing1</SOAPSDK3:string><SOAPSDK3:string xmlns:SOAPSDK3="http://schemas.xmlsoap.org/soap/encoding/">sdfsdf25</SOAPSDK3:string><SOAPSDK3:string xmlns:SOAPSDK3="http://schemas.xmlsoap.org/soap/encoding/">25dsasd dfasdas23</SOAPSDK3:string><SOAPSDK3:string xmlns:SOAPSDK3="http://schemas.xmlsoap.org/soap/encoding/">25dsasd dfasdas23</SOAPSDK3:string></return></SOAPSDK4:echo2DStringArrayResponse></SOAP-ENV:Body></SOAP-ENV:Envelope>
