<!--
  ~ Licensed to the Apache Software Foundation (ASF) under one
  ~ or more contributor license agreements. See the NOTICE file
  ~ distributed with this work for additional information
  ~ regarding copyright ownership. The ASF licenses this file
  ~ to you under the Apache License, Version 2.0 (the
  ~ "License"); you may not use this file except in compliance
  ~ with the License. You may obtain a copy of the License at
  ~
  ~ http://www.apache.org/licenses/LICENSE-2.0
  ~
  ~ Unless required by applicable law or agreed to in writing,
  ~ software distributed under the License is distributed on an
  ~ "AS IS" BASIS, WITHOUT WARRANTIES OR CONDITIONS OF ANY
  ~ KIND, either express or implied. See the License for the
  ~ specific language governing permissions and limitations
  ~ under the License.
  -->

<SOAP-ENV:Envelope SOAP-ENV:encodingStyle="http://schemas.xmlsoap.org/soap/encoding/"  xmlns:SOAP-ENV="http://schemas.xmlsoap.org/soap/envelope/"  xmlns:xsd="http://www.w3.org/2001/XMLSchema"  xmlns:xsi="http://www.w3.org/2001/XMLSchema-instance"  xmlns:SOAP-ENC="http://schemas.xmlsoap.org/soap/encoding/"  xmlns:si="http://soapinterop.org/xsd">
      <SOAP-ENV:Body>
         <echoStringArrayResponse>
            <return xsi:type="SOAP-ENC:Array" SOAP-ENC:arrayType="xsd:string[3]">
               <item xsi:type="xsd:string">Apache Axis2</item>
               <item xsi:type="xsd:string">Lanka Software Foundation</item>
               <item xsi:type="xsd:string">www.opensource.lk</item>
            </return>
         </echoStringArrayResponse>
      </SOAP-ENV:Body>
   </SOAP-ENV:Envelope>
