<!--
  ~ Licensed to the Apache Software Foundation (ASF) under one
  ~ or more contributor license agreements. See the NOTICE file
  ~ distributed with this work for additional information
  ~ regarding copyright ownership. The ASF licenses this file
  ~ to you under the Apache License, Version 2.0 (the
  ~ "License"); you may not use this file except in compliance
  ~ with the License. You may obtain a copy of the License at
  ~
  ~ http://www.apache.org/licenses/LICENSE-2.0
  ~
  ~ Unless required by applicable law or agreed to in writing,
  ~ software distributed under the License is distributed on an
  ~ "AS IS" BASIS, WITHOUT WARRANTIES OR CONDITIONS OF ANY
  ~ KIND, either express or implied. See the License for the
  ~ specific language governing permissions and limitations
  ~ under the License.
  -->

<env:Envelope xmlns:env="http://schemas.xmlsoap.org/soap/envelope/" xmlns:SOAP-ENC="http://schemas.xmlsoap.org/soap/encoding/" xmlns:xsi="http://www.w3.org/2001/XMLSchema-instance" xmlns:xsd="http://www.w3.org/2001/XMLSchema">
<env:Body>
<ns1:echo2DStringArrayResponse xmlns:ns1="http://soapinterop.org/" env:encodingStyle="http://schemas.xmlsoap.org/soap/encoding/">
<return xmlns="" xmlns:SOAP-ENC="http://schemas.xmlsoap.org/soap/encoding/" xmlns:xsi="http://www.w3.org/2001/XMLSchema-instance" xmlns:s="http://soapinterop.org/xsd" xmlns:xsd="http://www.w3.org/2001/XMLSchema" SOAP-ENC:arrayType="xsd:string[2,2]" xsi:type="SOAP-ENC:Array">
  <item xmlns="" xsi:type="xsd:string">strss fdfing1</item>
  <item xmlns="" xsi:type="xsd:string">sdfsdf25</item>
  <item xmlns="" xsi:type="xsd:string">25dsasd dfasdas23</item>
  <item xmlns="" xsi:type="xsd:string">25dsasd dfasdas23</item>
</return>
</ns1:echo2DStringArrayResponse>
</env:Body>
</env:Envelope>