<!--
  ~ Licensed to the Apache Software Foundation (ASF) under one
  ~ or more contributor license agreements. See the NOTICE file
  ~ distributed with this work for additional information
  ~ regarding copyright ownership. The ASF licenses this file
  ~ to you under the Apache License, Version 2.0 (the
  ~ "License"); you may not use this file except in compliance
  ~ with the License. You may obtain a copy of the License at
  ~
  ~ http://www.apache.org/licenses/LICENSE-2.0
  ~
  ~ Unless required by applicable law or agreed to in writing,
  ~ software distributed under the License is distributed on an
  ~ "AS IS" BASIS, WITHOUT WARRANTIES OR CONDITIONS OF ANY
  ~ KIND, either express or implied. See the License for the
  ~ specific language governing permissions and limitations
  ~ under the License.
  -->

<env:Envelope xmlns:env="http://schemas.xmlsoap.org/soap/envelope/" xmlns:xsi="http://www.w3.org/2001/XMLSchema-instance" xmlns:xsd="http://www.w3.org/2001/XMLSchema">
  <env:Body>
    <n1:echoStructResponse xmlns:n1="http://soapinterop.org/" env:encodingStyle="http://schemas.xmlsoap.org/soap/encoding/">
      <return xmlns="" xmlns:n2="http://soapinterop.org/xsd" xsi:type="n2:SOAPStruct">
        <varString xmlns="" xsi:type="xsd:string">strss fdfing1</varString>
        <varFloat xmlns="" xsi:type="xsd:float">+25.23</varFloat>
        <varInt xmlns="" xsi:type="xsd:int">25</varInt>
      </return>
    </n1:echoStructResponse>
  </env:Body>
</env:Envelope>
