<!--
  ~ Licensed to the Apache Software Foundation (ASF) under one
  ~ or more contributor license agreements. See the NOTICE file
  ~ distributed with this work for additional information
  ~ regarding copyright ownership. The ASF licenses this file
  ~ to you under the Apache License, Version 2.0 (the
  ~ "License"); you may not use this file except in compliance
  ~ with the License. You may obtain a copy of the License at
  ~
  ~ http://www.apache.org/licenses/LICENSE-2.0
  ~
  ~ Unless required by applicable law or agreed to in writing,
  ~ software distributed under the License is distributed on an
  ~ "AS IS" BASIS, WITHOUT WARRANTIES OR CONDITIONS OF ANY
  ~ KIND, either express or implied. See the License for the
  ~ specific language governing permissions and limitations
  ~ under the License.
  -->

<SOAP-ENV:Envelope xmlns:SOAP-ENV="http://schemas.xmlsoap.org/soap/envelope/" xmlns:tns="http://soapinterop.org/" xmlns:SOAP-ENC="http://schemas.xmlsoap.org/soap/encoding/" xmlns:xsi="http://www.w3.org/2001/XMLSchema-instance" xmlns:xsd="http://www.w3.org/2001/XMLSchema" xmlns:soap="http://schemas.xmlsoap.org/wsdl/soap/" xmlns:wsdl="http://schemas.xmlsoap.org/wsdl/" xmlns:s="http://soapinterop.org/xsd"><SOAP-ENV:Body><mns:echoStructAsSimpleTypesResponse xmlns:mns="http://soapinterop.org/" SOAP-ENV:encodingStyle="http://schemas.xmlsoap.org/soap/encoding/"><outputString xmlns="" xsi:type="xsd:string">strss fdfing1</outputString><outputInteger xmlns="" xsi:type="xsd:int">25</outputInteger><outputFloat xmlns="" xsi:type="xsd:float">25.23</outputFloat></mns:echoStructAsSimpleTypesResponse></SOAP-ENV:Body></SOAP-ENV:Envelope>
