<!--
  ~ Licensed to the Apache Software Foundation (ASF) under one
  ~ or more contributor license agreements. See the NOTICE file
  ~ distributed with this work for additional information
  ~ regarding copyright ownership. The ASF licenses this file
  ~ to you under the Apache License, Version 2.0 (the
  ~ "License"); you may not use this file except in compliance
  ~ with the License. You may obtain a copy of the License at
  ~
  ~ http://www.apache.org/licenses/LICENSE-2.0
  ~
  ~ Unless required by applicable law or agreed to in writing,
  ~ software distributed under the License is distributed on an
  ~ "AS IS" BASIS, WITHOUT WARRANTIES OR CONDITIONS OF ANY
  ~ KIND, either express or implied. See the License for the
  ~ specific language governing permissions and limitations
  ~ under the License.
  -->

<SOAP-ENV:Envelope xmlns:SOAP-ENV="http://schemas.xmlsoap.org/soap/envelope/" xmlns:typens="http://soapinterop.org/xsd" xmlns:SOAP-ENC="http://schemas.xmlsoap.org/soap/encoding/" xmlns:xsi="http://www.w3.org/2001/XMLSchema-instance" xmlns:xsd="http://www.w3.org/2001/XMLSchema" xmlns:soap="http://schemas.xmlsoap.org/wsdl/soap/" xmlns:xsd1="http://soapinterop.org/"><SOAP-ENV:Body><mns:echoFloatArrayResponse xmlns:mns="http://soapinterop.org/" SOAP-ENV:encodingStyle="http://schemas.xmlsoap.org/soap/encoding/"><return xmlns="" SOAP-ENC:arrayType="xsd:float[3]" xsi:type="SOAP-ENC:Array"><Item0 xmlns="" xsi:type="xsd:float">45.76876</Item0><Item1 xmlns="" xsi:type="xsd:float">43.454</Item1><Item2 xmlns="" xsi:type="xsd:float">2523.542</Item2></return></mns:echoFloatArrayResponse></SOAP-ENV:Body></SOAP-ENV:Envelope>
