<!--
  ~ Licensed to the Apache Software Foundation (ASF) under one
  ~ or more contributor license agreements. See the NOTICE file
  ~ distributed with this work for additional information
  ~ regarding copyright ownership. The ASF licenses this file
  ~ to you under the Apache License, Version 2.0 (the
  ~ "License"); you may not use this file except in compliance
  ~ with the License. You may obtain a copy of the License at
  ~
  ~ http://www.apache.org/licenses/LICENSE-2.0
  ~
  ~ Unless required by applicable law or agreed to in writing,
  ~ software distributed under the License is distributed on an
  ~ "AS IS" BASIS, WITHOUT WARRANTIES OR CONDITIONS OF ANY
  ~ KIND, either express or implied. See the License for the
  ~ specific language governing permissions and limitations
  ~ under the License.
  -->

<SOAP-ENV:Envelope xmlns:SOAP-ENV="http://schemas.xmlsoap.org/soap/envelope/" xmlns:tns="http://soapinterop.org/" xmlns:SOAP-ENC="http://schemas.xmlsoap.org/soap/encoding/" xmlns:xsi="http://www.w3.org/2001/XMLSchema-instance" xmlns:xsd="http://www.w3.org/2001/XMLSchema" xmlns:soap="http://schemas.xmlsoap.org/wsdl/soap/" xmlns:wsdl="http://schemas.xmlsoap.org/wsdl/" xmlns:s="http://soapinterop.org/xsd"><SOAP-ENV:Body><mns:echo2DStringArrayResponse xmlns:mns="http://soapinterop.org/" SOAP-ENV:encodingStyle="http://schemas.xmlsoap.org/soap/encoding/"><return xmlns="" SOAP-ENC:arrayType="xsd:string[2,2]" xsi:type="SOAP-ENC:Array"><Item0 xmlns="" xsi:type="xsd:string">strss fdfing1</Item0><Item1 xmlns="" xsi:type="xsd:string">sdfsdf25</Item1><Item2 xmlns="" xsi:type="xsd:string">25dsasd dfasdas23</Item2><Item3 xmlns="" xsi:type="xsd:string">25dsasd dfasdas23</Item3></return></mns:echo2DStringArrayResponse></SOAP-ENV:Body></SOAP-ENV:Envelope>
