<!--
  ~ Licensed to the Apache Software Foundation (ASF) under one
  ~ or more contributor license agreements. See the NOTICE file
  ~ distributed with this work for additional information
  ~ regarding copyright ownership. The ASF licenses this file
  ~ to you under the Apache License, Version 2.0 (the
  ~ "License"); you may not use this file except in compliance
  ~ with the License. You may obtain a copy of the License at
  ~
  ~ http://www.apache.org/licenses/LICENSE-2.0
  ~
  ~ Unless required by applicable law or agreed to in writing,
  ~ software distributed under the License is distributed on an
  ~ "AS IS" BASIS, WITHOUT WARRANTIES OR CONDITIONS OF ANY
  ~ KIND, either express or implied. See the License for the
  ~ specific language governing permissions and limitations
  ~ under the License.
  -->

<SOAP-ENV:Envelope xmlns:SOAP-ENV="http://schemas.xmlsoap.org/soap/envelope/" xmlns:soap="http://schemas.xmlsoap.org/wsdl/soap/" xmlns:xsd="http://www.w3.org/2001/XMLSchema" xmlns:tns="http://soapinterop.org/" xmlns:s="http://soapinterop.org/xsd" xmlns:wsdl="http://schemas.xmlsoap.org/wsdl/" xmlns:SOAP-ENC="http://schemas.xmlsoap.org/soap/encoding/" xmlns:xsi="http://www.w3.org/2001/XMLSchema-instance" >
      <SOAP-ENV:Header>
         <echoMeStringResponse xmlns="http://soapinterop.org/echoheader/" xsi:type="xsd:string">string</echoMeStringResponse>
         <mns1:echoMeStructResponse xmlns:mns1="http://soapinterop.org/echoheader/" xsi:type="s:SOAPStruct">
            <varString xsi:type="xsd:string">string</varString>
            <varInt xsi:type="xsd:int">852</varInt>
            <varFloat xsi:type="xsd:float">456.321</varFloat>
         </mns1:echoMeStructResponse>
      </SOAP-ENV:Header>
      <SOAP-ENV:Body>
         <mns:echoBooleanResponse xmlns:mns="http://soapinterop.org/" SOAP-ENV:encodingStyle="http://schemas.xmlsoap.org/soap/encoding/">
            <return xsi:type="xsd:boolean">1</return>
         </mns:echoBooleanResponse>
      </SOAP-ENV:Body>
   </SOAP-ENV:Envelope>
