<!--
  ~ Licensed to the Apache Software Foundation (ASF) under one
  ~ or more contributor license agreements. See the NOTICE file
  ~ distributed with this work for additional information
  ~ regarding copyright ownership. The ASF licenses this file
  ~ to you under the Apache License, Version 2.0 (the
  ~ "License"); you may not use this file except in compliance
  ~ with the License. You may obtain a copy of the License at
  ~
  ~ http://www.apache.org/licenses/LICENSE-2.0
  ~
  ~ Unless required by applicable law or agreed to in writing,
  ~ software distributed under the License is distributed on an
  ~ "AS IS" BASIS, WITHOUT WARRANTIES OR CONDITIONS OF ANY
  ~ KIND, either express or implied. See the License for the
  ~ specific language governing permissions and limitations
  ~ under the License.
  -->

<env:Envelope xmlns:env="http://schemas.xmlsoap.org/soap/envelope/" xmlns:ns0="http://soapinterop.org/" xmlns:ns1="http://soapinterop.org/xsd" xmlns:xsi="http://www.w3.org/2001/XMLSchema-instance" xmlns:enc="http://schemas.xmlsoap.org/soap/encoding/" xmlns:xsd="http://www.w3.org/2001/XMLSchema"><env:Body><ns0:echoFloatArrayResponse env:encodingStyle="http://schemas.xmlsoap.org/soap/encoding/"><return href="#ID1"></return></ns0:echoFloatArrayResponse><ns1:ArrayOffloat env:encodingStyle="http://schemas.xmlsoap.org/soap/encoding/" enc:arrayType="xsd:float[3]" xsi:type="enc:Array" id="ID1"><item xsi:type="xsd:float">45.76876</item><item xsi:type="xsd:float">43.454</item><item xsi:type="xsd:float">2523.542</item></ns1:ArrayOffloat></env:Body></env:Envelope>
