<!--
  ~ Licensed to the Apache Software Foundation (ASF) under one
  ~ or more contributor license agreements. See the NOTICE file
  ~ distributed with this work for additional information
  ~ regarding copyright ownership. The ASF licenses this file
  ~ to you under the Apache License, Version 2.0 (the
  ~ "License"); you may not use this file except in compliance
  ~ with the License. You may obtain a copy of the License at
  ~
  ~ http://www.apache.org/licenses/LICENSE-2.0
  ~
  ~ Unless required by applicable law or agreed to in writing,
  ~ software distributed under the License is distributed on an
  ~ "AS IS" BASIS, WITHOUT WARRANTIES OR CONDITIONS OF ANY
  ~ KIND, either express or implied. See the License for the
  ~ specific language governing permissions and limitations
  ~ under the License.
  -->

<e:Envelope xmlns:e="http://schemas.xmlsoap.org/soap/envelope/" xmlns:wn2="http://soapinterop.org/xsd" xmlns:d="http://www.w3.org/2001/XMLSchema" xmlns:i="http://www.w3.org/2001/XMLSchema-instance" xmlns:wn1="http://idoox.com/interface" xmlns:wn0="http://schemas.xmlsoap.org/soap/encoding/"><e:Body e:encodingStyle="http://schemas.xmlsoap.org/soap/encoding/"><n0:echoSimpleTypesAsStructResponse xmlns:n0="http://soapinterop.org/"><return xmlns="" i:type="wn2:SOAPStruct"><varString xmlns="" i:type="d:string">45ascasc  acasa asd52</varString><varInt xmlns="" i:type="d:int">4552</varInt><varFloat xmlns="" i:type="d:float">450.52</varFloat></return></n0:echoSimpleTypesAsStructResponse></e:Body></e:Envelope>