 <!--
  ~ Licensed to the Apache Software Foundation (ASF) under one
  ~ or more contributor license agreements. See the NOTICE file
  ~ distributed with this work for additional information
  ~ regarding copyright ownership. The ASF licenses this file
  ~ to you under the Apache License, Version 2.0 (the
  ~ "License"); you may not use this file except in compliance
  ~ with the License. You may obtain a copy of the License at
  ~
  ~ http://www.apache.org/licenses/LICENSE-2.0
  ~
  ~ Unless required by applicable law or agreed to in writing,
  ~ software distributed under the License is distributed on an
  ~ "AS IS" BASIS, WITHOUT WARRANTIES OR CONDITIONS OF ANY
  ~ KIND, either express or implied. See the License for the
  ~ specific language governing permissions and limitations
  ~ under the License.
  -->  <SOAP-ENV:Envelope xmlns:xsi="http://www.w3.org/2001/XMLSchema-instance" xmlns:SOAP-ENV="http://schemas.xmlsoap.org/soap/envelope/" SOAP-ENV:encodingStyle="http://schemas.xmlsoap.org/soap/encoding/" xmlns:xsd="http://www.w3.org/2001/XMLSchema">
      <SOAP-ENV:Body>
         <ns1:echoStructResponse xmlns:ns1="http://soapinterop.org/">
            <return xmlns:ns2="http://soapinterop.org/xsd"  xsi:type="ns2:SOAPStruct">
               <varString xsi:type="xsd:string">strss fdfing1</varString>
               <varInt xsi:type="xsd:int">25</varInt>
               <varFloat xsi:type="xsd:float">25.23</varFloat>
            </return>
         </ns1:echoStructResponse>
      </SOAP-ENV:Body>
   </SOAP-ENV:Envelope>
