<!--
  ~ Licensed to the Apache Software Foundation (ASF) under one
  ~ or more contributor license agreements. See the NOTICE file
  ~ distributed with this work for additional information
  ~ regarding copyright ownership. The ASF licenses this file
  ~ to you under the Apache License, Version 2.0 (the
  ~ "License"); you may not use this file except in compliance
  ~ with the License. You may obtain a copy of the License at
  ~
  ~ http://www.apache.org/licenses/LICENSE-2.0
  ~
  ~ Unless required by applicable law or agreed to in writing,
  ~ software distributed under the License is distributed on an
  ~ "AS IS" BASIS, WITHOUT WARRANTIES OR CONDITIONS OF ANY
  ~ KIND, either express or implied. See the License for the
  ~ specific language governing permissions and limitations
  ~ under the License.
  -->

<SOAP-ENV:Envelope xmlns:SOAP-ENV="http://schemas.xmlsoap.org/soap/envelope/"><SOAP-ENV:Body><m:echoStructAsSimpleTypesResponse xmlns:m="http://soapinterop.org/" SOAP-ENV:encodingStyle="http://schemas.xmlsoap.org/soap/encoding/"><outputString xmlns="">strss fdfing1</outputString><outputInteger xmlns="">25</outputInteger><outputFloat xmlns="">25.23</outputFloat></m:echoStructAsSimpleTypesResponse></SOAP-ENV:Body></SOAP-ENV:Envelope>