<!--
  ~ Licensed to the Apache Software Foundation (ASF) under one
  ~ or more contributor license agreements. See the NOTICE file
  ~ distributed with this work for additional information
  ~ regarding copyright ownership. The ASF licenses this file
  ~ to you under the Apache License, Version 2.0 (the
  ~ "License"); you may not use this file except in compliance
  ~ with the License. You may obtain a copy of the License at
  ~
  ~ http://www.apache.org/licenses/LICENSE-2.0
  ~
  ~ Unless required by applicable law or agreed to in writing,
  ~ software distributed under the License is distributed on an
  ~ "AS IS" BASIS, WITHOUT WARRANTIES OR CONDITIONS OF ANY
  ~ KIND, either express or implied. See the License for the
  ~ specific language governing permissions and limitations
  ~ under the License.
  -->

<SOAP-ENV:Envelope xmlns:SOAP-ENV="http://schemas.xmlsoap.org/soap/envelope/"><SOAP-ENV:Body><m:echoIntegerArrayResponse xmlns:m="http://soapinterop.org/" SOAP-ENV:encodingStyle="http://schemas.xmlsoap.org/soap/encoding/"><return xmlns="" xmlns:SOAP-ENC="http://schemas.xmlsoap.org/soap/encoding/" xmlns:nsa="http://www.w3.org/2001/XMLSchema" SOAP-ENC:offset="[0]" SOAP-ENC:arrayType="nsa:int[3]"><item xmlns="">451</item><item xmlns="">425</item><item xmlns="">2523</item></return></m:echoIntegerArrayResponse></SOAP-ENV:Body></SOAP-ENV:Envelope>