<!--
  ~ Licensed to the Apache Software Foundation (ASF) under one
  ~ or more contributor license agreements. See the NOTICE file
  ~ distributed with this work for additional information
  ~ regarding copyright ownership. The ASF licenses this file
  ~ to you under the Apache License, Version 2.0 (the
  ~ "License"); you may not use this file except in compliance
  ~ with the License. You may obtain a copy of the License at
  ~
  ~ http://www.apache.org/licenses/LICENSE-2.0
  ~
  ~ Unless required by applicable law or agreed to in writing,
  ~ software distributed under the License is distributed on an
  ~ "AS IS" BASIS, WITHOUT WARRANTIES OR CONDITIONS OF ANY
  ~ KIND, either express or implied. See the License for the
  ~ specific language governing permissions and limitations
  ~ under the License.
  -->

<SOAP-ENV:Envelope xmlns:SOAP-ENV="http://schemas.xmlsoap.org/soap/envelope/"><SOAP-ENV:Header><h:echoMeStringResponse xmlns:h="http://soapinterop.org/echoheader/" SOAP-ENV:encodingStyle="http://schemas.xmlsoap.org/soap/encoding/">string</h:echoMeStringResponse><h:echoMeStructResponse xmlns:h="http://soapinterop.org/echoheader/" SOAP-ENV:encodingStyle="http://schemas.xmlsoap.org/soap/encoding/"><varString xmlns="">string</varString><varInt xmlns="">150</varInt><varFloat xmlns="">456.321</varFloat></h:echoMeStructResponse></SOAP-ENV:Header><SOAP-ENV:Body><m:echoIntegerResponse xmlns:m="http://soapinterop.org/" SOAP-ENV:encodingStyle="http://schemas.xmlsoap.org/soap/encoding/"><return xmlns="">456</return></m:echoIntegerResponse></SOAP-ENV:Body></SOAP-ENV:Envelope>