<!--
  ~ Licensed to the Apache Software Foundation (ASF) under one
  ~ or more contributor license agreements. See the NOTICE file
  ~ distributed with this work for additional information
  ~ regarding copyright ownership. The ASF licenses this file
  ~ to you under the Apache License, Version 2.0 (the
  ~ "License"); you may not use this file except in compliance
  ~ with the License. You may obtain a copy of the License at
  ~
  ~ http://www.apache.org/licenses/LICENSE-2.0
  ~
  ~ Unless required by applicable law or agreed to in writing,
  ~ software distributed under the License is distributed on an
  ~ "AS IS" BASIS, WITHOUT WARRANTIES OR CONDITIONS OF ANY
  ~ KIND, either express or implied. See the License for the
  ~ specific language governing permissions and limitations
  ~ under the License.
  -->

<SOAP-ENV:Envelope xmlns:SOAP-ENV="http://schemas.xmlsoap.org/soap/envelope/" xmlns:SOAP-ENC="http://schemas.xmlsoap.org/soap/encoding/" xmlns:xsi="http://www.w3.org/1999/XMLSchema-instance" xmlns:xsd="http://www.w3.org/1999/XMLSchema" SOAP-ENV:encodingStyle="http://schemas.xmlsoap.org/soap/encoding/">
<SOAP-ENV:Body>
<m:echoFloatArrayResponse xmlns:m="http://soapinterop.org/">
<return xmlns="" xmlns:ns1="http://schemas.xmlsoap.org/soap/encoding/" xmlns:n1="http://www.w3.org/2001/XMLSchema" xsi:type="ns1:Array" SOAP-ENC:arrayType="n1:float[3]" id="id1">
<f xmlns="">45.76876</f>
<f xmlns="">43.454</f>
<f xmlns="">2523.542</f>
</return>
</m:echoFloatArrayResponse>
</SOAP-ENV:Body>
</SOAP-ENV:Envelope>
