<!--
  ~ Licensed to the Apache Software Foundation (ASF) under one
  ~ or more contributor license agreements. See the NOTICE file
  ~ distributed with this work for additional information
  ~ regarding copyright ownership. The ASF licenses this file
  ~ to you under the Apache License, Version 2.0 (the
  ~ "License"); you may not use this file except in compliance
  ~ with the License. You may obtain a copy of the License at
  ~
  ~ http://www.apache.org/licenses/LICENSE-2.0
  ~
  ~ Unless required by applicable law or agreed to in writing,
  ~ software distributed under the License is distributed on an
  ~ "AS IS" BASIS, WITHOUT WARRANTIES OR CONDITIONS OF ANY
  ~ KIND, either express or implied. See the License for the
  ~ specific language governing permissions and limitations
  ~ under the License.
  -->

<soap:Envelope xmlns:soap="http://www.w3.org/2003/05/soap-envelope" xmlns:tns="http://soapinterop.org/" xmlns:rpc="http://www.w3.org/2003/05/soap-rpc" xmlns:types="http://soapinterop.org/" xmlns:xsi="http://www.w3.org/2001/XMLSchema-instance" xmlns:soapenc="http://www.w3.org/2003/05/soap-encoding" xmlns:xsd="http://www.w3.org/2001/XMLSchema"><soap:Body><types:echoNestedArrayResponse xmlns:types="http://soapinterop.org/"><rpc:result xmlns:rpc="http://www.w3.org/2003/05/soap-rpc">return</rpc:result><return xmlns="" xmlns:q1="http://soapinterop.org/xsd" soapenc:id="id1" xsi:type="q1:SOAPArrayStruct"><varString xmlns="" xsi:type="xsd:string">strss fdfing1</varString><varInt xmlns="" xsi:type="xsd:int">25</varInt><varFloat xmlns="" xsi:type="xsd:float">25.23</varFloat><varArray xmlns="" soapenc:id="id2" soapenc:arraySize="3" soapenc:itemType="xsd:string"><Item xmlns="">strss fdfing1</Item><Item xmlns="">strss fdfing2</Item><Item xmlns="">strss fdfing3</Item></varArray></return></types:echoNestedArrayResponse></soap:Body></soap:Envelope>
