<!--
  ~ Licensed to the Apache Software Foundation (ASF) under one
  ~ or more contributor license agreements. See the NOTICE file
  ~ distributed with this work for additional information
  ~ regarding copyright ownership. The ASF licenses this file
  ~ to you under the Apache License, Version 2.0 (the
  ~ "License"); you may not use this file except in compliance
  ~ with the License. You may obtain a copy of the License at
  ~
  ~ http://www.apache.org/licenses/LICENSE-2.0
  ~
  ~ Unless required by applicable law or agreed to in writing,
  ~ software distributed under the License is distributed on an
  ~ "AS IS" BASIS, WITHOUT WARRANTIES OR CONDITIONS OF ANY
  ~ KIND, either express or implied. See the License for the
  ~ specific language governing permissions and limitations
  ~ under the License.
  -->

<SOAP-ENV:Envelope xmlns:SOAP-ENV="http://www.w3.org/2003/05/soap-envelope"><SOAP-ENV:Body><m:echoStringArrayResponse xmlns:m="http://soapinterop.org/" SOAP-ENV:encodingStyle="http://www.w3.org/2003/05/soap-encoding"><SOAP-RPC:result xmlns:SOAP-RPC="http://www.w3.org/2003/05/soap-rpc">return</SOAP-RPC:result><return xmlns="" xmlns:SOAP-ENC="http://www.w3.org/2003/05/soap-encoding" xmlns:nsa="http://www.w3.org/2001/XMLSchema" SOAP-ENC:itemType="nsa:string" SOAP-ENC:arraySize="3"><item xmlns="">Apache Axis2</item><item xmlns="">Lanka Software Foundation</item><item xmlns="">www.opensource.lk</item></return></m:echoStringArrayResponse></SOAP-ENV:Body></SOAP-ENV:Envelope>
