<!--
  ~ Licensed to the Apache Software Foundation (ASF) under one
  ~ or more contributor license agreements. See the NOTICE file
  ~ distributed with this work for additional information
  ~ regarding copyright ownership. The ASF licenses this file
  ~ to you under the Apache License, Version 2.0 (the
  ~ "License"); you may not use this file except in compliance
  ~ with the License. You may obtain a copy of the License at
  ~
  ~ http://www.apache.org/licenses/LICENSE-2.0
  ~
  ~ Unless required by applicable law or agreed to in writing,
  ~ software distributed under the License is distributed on an
  ~ "AS IS" BASIS, WITHOUT WARRANTIES OR CONDITIONS OF ANY
  ~ KIND, either express or implied. See the License for the
  ~ specific language governing permissions and limitations
  ~ under the License.
  -->

<SOAP-ENV:Envelope xmlns:SOAP-ENV="http://www.w3.org/2003/05/soap-envelope"><SOAP-ENV:Body><m:echoNestedStructResponse xmlns:m="http://soapinterop.org/" SOAP-ENV:encodingStyle="http://www.w3.org/2003/05/soap-encoding"><SOAP-RPC:result xmlns:SOAP-RPC="http://www.w3.org/2003/05/soap-rpc">return</SOAP-RPC:result><return xmlns=""><varString xmlns="">strss fdfing1</varString><varInt xmlns="">25</varInt><varFloat xmlns="">25.23</varFloat><varStruct xmlns=""><varString xmlns="">strss fdfing1</varString><varInt xmlns="">25</varInt><varFloat xmlns="">25.23</varFloat></varStruct></return></m:echoNestedStructResponse></SOAP-ENV:Body></SOAP-ENV:Envelope>
