<?xml version="1.0"?>
<component>
    <component-class>javax.faces.component.html.HtmlOutputLabel</component-class>
    <base-class>javax.faces.component.UIOutput</base-class>
    <component-type>javax.faces.HtmlOutputLabel</component-type>
    <renderer-type>javax.faces.Label</renderer-type>
    <field>
        <name>accesskey</name>
        <type>java.lang.String</type>
    </field>
    <field>
        <name>dir</name>
        <type>java.lang.String</type>
    </field>
    <field>
        <name>for</name>
        <type>java.lang.String</type>
    </field>
    <field>
        <name>lang</name>
        <type>java.lang.String</type>
    </field>
    <field>
        <name>onblur</name>
        <type>java.lang.String</type>
    </field>
    <field>
        <name>onclick</name>
        <type>java.lang.String</type>
    </field>
    <field>
        <name>ondblclick</name>
        <type>java.lang.String</type>
    </field>
    <field>
        <name>onfocus</name>
        <type>java.lang.String</type>
    </field>
    <field>
        <name>onkeydown</name>
        <type>java.lang.String</type>
    </field>
    <field>
        <name>onkeypress</name>
        <type>java.lang.String</type>
    </field>
    <field>
        <name>onkeyup</name>
        <type>java.lang.String</type>
    </field>
    <field>
        <name>onmousedown</name>
        <type>java.lang.String</type>
    </field>
    <field>
        <name>onmousemove</name>
        <type>java.lang.String</type>
    </field>
    <field>
        <name>onmouseout</name>
        <type>java.lang.String</type>
    </field>
    <field>
        <name>onmouseover</name>
        <type>java.lang.String</type>
    </field>
    <field>
        <name>onmouseup</name>
        <type>java.lang.String</type>
    </field>
    <field>
        <name>style</name>
        <type>java.lang.String</type>
    </field>
    <field>
        <name>styleClass</name>
        <type>java.lang.String</type>
    </field>
    <field>
        <name>tabindex</name>
        <type>java.lang.String</type>
    </field>
    <field>
        <name>title</name>
        <type>java.lang.String</type>
    </field>
</component>
