<?xml version="1.0"?>
<component>
    <component-class>javax.faces.component.html.HtmlForm</component-class>
    <base-class>javax.faces.component.UIForm</base-class>
    <component-type>javax.faces.HtmlForm</component-type>
    <renderer-type>javax.faces.Form</renderer-type>
    <field>
        <name>accept</name>
        <type>java.lang.String</type>
    </field>
    <field>
        <name>acceptcharset</name>
        <type>java.lang.String</type>
    </field>
    <field>
        <name>dir</name>
        <type>java.lang.String</type>
    </field>
    <field>
        <name>enctype</name>
        <type>java.lang.String</type>
        <default-value>application/x-www-form-urlencoded</default-value>
    </field>
    <field>
        <name>lang</name>
        <type>java.lang.String</type>
    </field>
    <field>
        <name>onclick</name>
        <type>java.lang.String</type>
    </field>
    <field>
        <name>ondblclick</name>
        <type>java.lang.String</type>
    </field>
    <field>
        <name>onkeydown</name>
        <type>java.lang.String</type>
    </field>
    <field>
        <name>onkeypress</name>
        <type>java.lang.String</type>
    </field>
    <field>
        <name>onkeyup</name>
        <type>java.lang.String</type>
    </field>
    <field>
        <name>onmousedown</name>
        <type>java.lang.String</type>
    </field>
    <field>
        <name>onmousemove</name>
        <type>java.lang.String</type>
    </field>
    <field>
        <name>onmouseout</name>
        <type>java.lang.String</type>
    </field>
    <field>
        <name>onmouseover</name>
        <type>java.lang.String</type>
    </field>
    <field>
        <name>onmouseup</name>
        <type>java.lang.String</type>
    </field>
    <field>
        <name>onreset</name>
        <type>java.lang.String</type>
    </field>
    <field>
        <name>onsubmit</name>
        <type>java.lang.String</type>
    </field>
    <field>
        <name>style</name>
        <type>java.lang.String</type>
    </field>
    <field>
        <name>styleClass</name>
        <type>java.lang.String</type>
    </field>
    <field>
        <name>target</name>
        <type>java.lang.String</type>
    </field>
    <field>
        <name>title</name>
        <type>java.lang.String</type>
    </field>
</component>
