<?xml version="1.0" encoding="ISO-8859-1" ?>
<!DOCTYPE component PUBLIC
  "-//MyFaces//DTD MyFaces component def 1.0//EN"
  "http://myfaces.apache.org/dtd/Component.dtd">
<component generateConstructor="false" generateStateMethods="false">
    <component-class>javax.faces.component.UIComponentBase</component-class>
    <base-class>javax.faces.component.UIComponent</base-class>
    <field proprietary="true" generateProperty="false" saveState="false">
        <name>transient</name>
        <type>boolean</type>
    </field>
    <field proprietary="true" generateProperty="false">
        <name>id</name>
        <type>java.lang.String</type>
    </field>
    <field proprietary="true" generateProperty="false" saveState="false">
        <name>parent</name>
        <type>javax.faces.component.UIComponent</type>
    </field>
    <field proprietary="true">
        <name>rendered</name>
        <type>boolean</type>
        <default-value>true</default-value>
    </field>
    <field proprietary="true">
        <name>rendererType</name>
        <type>java.lang.String</type>
    </field>
</component>
