<?xml version="1.0" encoding="ISO-8859-1" ?>
<!DOCTYPE component PUBLIC
  "-//MyFaces//DTD MyFaces component def 1.0//EN"
  "http://myfaces.apache.org/dtd/Component.dtd">

<component>
    <component-class>javax.faces.component.UIViewRoot</component-class>
    <base-class>javax.faces.component.UIComponentBase</base-class>
    <component-type>javax.faces.ViewRoot</component-type>
    <component-family>javax.faces.ViewRoot</component-family>
    <field generateProperty="false" saveState="true" >
        <name>locale</name>
        <type>java.util.Locale</type>
    </field>
    <field>
        <name>renderKitId</name>
        <type>java.lang.String</type>
        <default-value>HTML_BASIC</default-value>
    </field>
    <field generateProperty="false" saveState="true" >
        <name>viewId</name>
        <type>java.lang.String</type>
    </field>
</component>
